name,games,points,losses,average
The Random Agent,779609,56138515,235365,72.00855172272254
The LowLayer,780073,35241923,47948,45.1777243924607
The Equalizer,778535,32506891,43297,41.75392371569679
The Shooter,779115,71930293,452723,92.323075540838
